{
  "eltl_total": 589.2969837943197,
  "eltl_pp_total": 231.0368168269021,
  "savings": 358.26016696741755,
  "savings_percent": 60.794502062555935
}